{
  "model": {
    "type": "select",
    "property": "custom_model_data",
    "fallback": {
      "type": "model",
      "model": "item/arrow"
    },
    "cases": [
      {
        "when": "12",
        "model": {
          "type": "model",
          "model": "item/arrow/breeze_hilt/arrow"
        }
      },
      {
        "when": "13",
        "model": {
          "type": "model",
          "model": "item/arrow/blaze_hilt/arrow"
        }
      },
      {
        "when": "21",
        "model": {
          "type": "model",
          "model": "item/arrow/normal_hilt/iron_arrow"
        }
      },
      {
        "when": "22",
        "model": {
          "type": "model",
          "model": "item/arrow/breeze_hilt/iron_arrow"
        }
      },
      {
        "when": "23",
        "model": {
          "type": "model",
          "model": "item/arrow/blaze_hilt/iron_arrow"
        }
      },
      {
        "when": "31",
        "model": {
          "type": "model",
          "model": "item/arrow/normal_hilt/gold_arrow"
        }
      },
      {
        "when": "32",
        "model": {
          "type": "model",
          "model": "item/arrow/breeze_hilt/gold_arrow"
        }
      },
      {
        "when": "33",
        "model": {
          "type": "model",
          "model": "item/arrow/blaze_hilt/gold_arrow"
        }
      },
      {
        "when": "41",
        "model": {
          "type": "model",
          "model": "item/arrow/normal_hilt/spectral_arrow"
        }
      },
      {
        "when": "42",
        "model": {
          "type": "model",
          "model": "item/arrow/breeze_hilt/spectral_arrow"
        }
      },
      {
        "when": "43",
        "model": {
          "type": "model",
          "model": "item/arrow/blaze_hilt/spectral_arrow"
        }
      },
      {
        "when": "51",
        "model": {
          "type": "model",
          "model": "item/arrow/normal_hilt/sonic_arrow"
        }
      },
      {
        "when": "52",
        "model": {
          "type": "model",
          "model": "item/arrow/breeze_hilt/sonic_arrow"
        }
      },
      {
        "when": "53",
        "model": {
          "type": "model",
          "model": "item/arrow/blaze_hilt/sonic_arrow"
        }
      },
      {
        "when": "61",
        "model": {
          "type": "model",
          "model": "item/arrow/normal_hilt/teleporting_arrow"
        }
      },
      {
        "when": "62",
        "model": {
          "type": "model",
          "model": "item/arrow/breeze_hilt/teleporting_arrow"
        }
      },
      {
        "when": "63",
        "model": {
          "type": "model",
          "model": "item/arrow/blaze_hilt/teleporting_arrow"
        }
      },
      {
        "when": "71",
        "model": {
          "type": "model",
          "model": "item/arrow/normal_hilt/bouncy_arrow"
        }
      },
      {
        "when": "72",
        "model": {
          "type": "model",
          "model": "item/arrow/breeze_hilt/bouncy_arrow"
        }
      },
      {
        "when": "73",
        "model": {
          "type": "model",
          "model": "item/arrow/blaze_hilt/bouncy_arrow"
        }
      }
    ]
  }
}