{
  "oversized_in_gui": true,
  "model": {
    "type": "select",
    "property": "custom_model_data",
    "fallback": {
      "type": "model",
      "model": "item/lime_stained_glass_pane"
    },
    "cases": [
      {
        "when": "1",
        "model": {
          "type": "model",
          "model": "gui/empty"
        }
      },
      {
        "when": "2",
        "model": {
          "type": "model",
          "model": "gui/potion_slot"
        }
      },
      {
        "when": "3",
        "model": {
          "type": "model",
          "model": "gui/stick_slot"
        }
      },
      {
        "when": "4",
        "model": {
          "type": "model",
          "model": "gui/feather_slot"
        }
      },
      {
        "when": "5",
        "model": {
          "type": "model",
          "model": "gui/error"
        }
      }
    ]
  }
}